url,approximate_value,number_drafted,position
/players/A/AbduAm00.htm,13,54,RB
/players/A/AbduRa20.htm,6,45,LILB
/players/A/AbiaVi99.htm,5,57,DE
/players/A/AbraKe20.htm,4,54,DB
/players/A/AdamAn20.htm,32,57,DT
/players/A/AdamDa01.htm,54,53,WR
/players/A/AdamFl00.htm,88,38,T
/players/A/AdamJu00.htm,63,27,DE
/players/A/AdamMi02.htm,10,56,OT
/players/A/AddeHe00.htm,120,10,DB
/players/A/AddeNa00.htm,6,60,S
/players/A/AdkiMa00.htm,3,49,WR
/players/A/AguaRo00.htm,0,59,K
/players/A/AkerCa00.htm,4,52,RB
/players/A/AlamIk99.htm,2,58,DE
/players/A/AldrAl21.htm,41,51,LB
/players/A/AlexGe99.htm,10,61,DB
/players/A/AlexMa01.htm,11,54,CB
/players/A/AlexSt00.htm,21,48,TE
/players/A/AlfoRo00.htm,31,60,CB
/players/A/AlleDo20.htm,8,27,LB
/players/A/AlleEr00.htm,119,30,DB
/players/A/AlleGr21.htm,0,35,RB
/players/A/AlleJe01.htm,26,44,T
/players/A/AlleLa00.htm,101,46,G
/players/A/AlleNa99.htm,35,37,DB
/players/A/AlliHe20.htm,4,50,G
/players/A/AllrJo00.htm,3,38,TE
/players/A/AlmxJe20.htm,5,41,DT
/players/A/AlonKi00.htm,33,46,ILB
/players/A/AlstMi00.htm,48,35,FB
/players/A/AlwoLa00.htm,98,9,FL
/players/A/AmarJa00.htm,4,49,TE
/players/A/AmbrAs00.htm,57,29,DB
/players/A/AmerDa00.htm,27,51,CB
/players/A/AndeDo20.htm,0,32,DB
/players/A/AndeFl00.htm,43,46,WR
/players/A/AndeRy00.htm,6,49,OLB
/players/A/AngePa99.htm,18,63,LB
/players/A/ArbaFr00.htm,33,22,TE
/players/A/ArceJJ00.htm,2,57,WR
/players/A/ArenJa99.htm,4,50,DB
/players/A/ArneMa20.htm,45,32,LB
/players/A/ArriJ.00.htm,11,44,RB
/players/A/AsheBo20.htm,18,27,T
/players/A/AtesBi20.htm,2,52,DE
/players/A/AtkiBo20.htm,24,42,DB
/players/A/AtkiSt00.htm,3,44,RB
/players/A/AttaJe00.htm,16,50,OLB
/players/A/AustMa00.htm,2,52,DL
/players/A/AuzeTr20.htm,16,49,T
/players/A/AverDo00.htm,21,33,WR
/players/A/AwuzCh00.htm,19,60,CB
/players/A/AyerAk00.htm,27,39,MLB
/players/B/BaasDa20.htm,36,33,G
/players/B/BabiJo20.htm,52,59,DE
/players/B/BabiJo22.htm,9,39,LB
/players/B/bahrxchr01.htm,28,51,K
/players/B/BailBo20.htm,22,34,LB
/players/B/BailJi21.htm,42,44,DT
/players/B/BailVi00.htm,8,50,WR
/players/B/BainBi20.htm,28,47,T
/players/B/BakeAl00.htm,70,40,DE
/players/B/BakeBu00.htm,42,36,FS
/players/B/BakeJe21.htm,28,50,DE
/players/B/BaldKe20.htm,15,31,DE
/players/B/BallEr00.htm,5,35,RB
/players/B/BallMo00.htm,7,58,RB
/players/B/BallSa20.htm,27,14,T
/players/B/BankJo00.htm,14,43,CB
/players/B/BankTo00.htm,42,42,QB
/players/B/BankWa00.htm,8,42,RB
/players/B/BanoBe00.htm,2,49,EDGE
/players/B/BarbBo20.htm,18,51,DE
/players/B/BarbKu20.htm,4,42,LB
/players/B/BarbMa00.htm,5,30,RB
/players/B/BarbMi01.htm,28,48,TE
/players/B/BarbTi00.htm,99,36,RB
/players/B/BareJo20.htm,6,42,LB
/players/B/BarnBi00.htm,21,19,HB
/players/B/BarnKh20.htm,54,52,T
/players/B/BarnMi00.htm,42,35,DT
/players/B/BarnWa20.htm,20,21,DT
/players/B/BarnSt20.htm,9,20,T
/players/B/BarnLe00.htm,117,34,DB
/players/B/BarrJe20.htm,20,44,T
/players/B/BarrMi20.htm,60,47,LB
/players/B/BartWi20.htm,13,54,DB
/players/B/BartRo20.htm,27,50,DB
/players/B/BarwCo99.htm,51,46,DE
/players/B/BashId20.htm,19,37,DB
/players/B/BatcCh00.htm,33,60,QB
/players/B/BateJe00.htm,25,54,FS
/players/B/BateMa00.htm,20,44,RB
/players/B/BattMa00.htm,5,39,TE
/players/B/BaugMa00.htm,90,20,LB
/players/B/BaumSt20.htm,23,51,DE
/players/B/BaumBo00.htm,86,40,NT
/players/B/BaxtGa20.htm,20,62,DB
/players/B/BeadZa20.htm,58,45,T
/players/B/BeatWi20.htm,31,60,T
/players/B/BeavAu20.htm,7,54,RLB
/players/B/BebaGa00.htm,0,30,QB
/players/B/BeckJo00.htm,4,40,QB
/players/B/BeckRo20.htm,19,43,DB
/players/B/BedsHa00.htm,6,19,TE
/players/B/BeerTo00.htm,8,32,TE
/players/B/BeesTe20.htm,23,41,LB
/players/B/BehnMa20.htm,0,47,T
/players/B/BellBo00.htm,106,16,LB
/players/B/BellKe20.htm,40,39,RILB
/players/B/BellLe00.htm,62,48,RB
/players/B/BellNi00.htm,8,43,RB
/players/B/BellTa00.htm,22,41,RB
/players/B/BellVo00.htm,27,61,SS
/players/B/BellMi21.htm,0,50,WR
/players/B/BenjGu00.htm,1,51,QB
/players/B/BennAr00.htm,8,39,WR
/players/B/BennDo00.htm,14,58,RB
/players/B/BennMa00.htm,35,61,TE
/players/B/BensTh20.htm,33,36,RLB
/players/B/BentAl00.htm,35,35,RB
/players/B/BentLe00.htm,27,44,G
/players/B/BergBi00.htm,92,31,LB
/players/B/BergSc20.htm,0,51,T
/players/B/BernGi00.htm,40,37,RB
/players/B/BerrRa20.htm,18,44,LLB
/players/B/BertJi00.htm,37,30,RB
/players/B/BettLa00.htm,32,56,RB
/players/B/BienEr00.htm,23,39,RB
/players/B/BileFr00.htm,88,11,WR
/players/B/BillLe20.htm,31,38,DB
/players/B/BitoJo00.htm,51,35,G
/players/B/BlacRo00.htm,1,40,DL
/players/B/BlacRo20.htm,54,34,DB
/players/B/BlacWi00.htm,8,53,WR
/players/B/BladBr00.htm,59,49,WR
/players/B/BlaiEd20.htm,28,28,G
/players/B/BlaiMa01.htm,0,47,S
/players/B/BlaiMa00.htm,76,51,LB
/players/B/BlalJu20.htm,57,39,G
/players/B/BlouJe00.htm,1,50,QB
/players/B/BlunMa00.htm,0,40,QB
/players/B/BlyxDr00.htm,49,41,DB
/players/B/BoldAn00.htm,86,54,WR
/players/B/BoosDo20.htm,5,56,DE
/players/B/BoslBr00.htm,65,15,C
/players/B/BostJo00.htm,32,50,LILB
/players/B/BostKe00.htm,44,42,DB
/players/B/BoudJi20.htm,0,10,T
/players/B/BoulMi20.htm,17,53,DB
/players/B/BoweDa00.htm,7,51,DE
/players/B/BowmJi20.htm,7,52,DB
/players/B/BowsTy00.htm,9,47,OLB
/players/B/BoydTy00.htm,28,55,WR
/players/B/BracRo99.htm,6,40,DT
/players/B/BracTo00.htm,50,33,DE
/players/B/BradJa00.htm,36,62,CB
/players/B/BradCh00.htm,0,52,TE
/players/B/BradDa22.htm,0,38,G
/players/B/BradMa00.htm,10,39,WR
/players/B/BranAl99.htm,44,33,DT
/players/B/BranAn00.htm,19,38,DE
/players/B/BranDe00.htm,52,65,WR
/players/B/BratZe00.htm,20,17,QB
/players/B/BraxDa20.htm,5,52,LB
/players/B/BreeDr00.htm,166,32,QB
/players/B/BregJe20.htm,0,37,G
/players/B/BreiBo20.htm,15,21,T
/players/B/BrewPe00.htm,0,21,E
/players/B/BrisVi00.htm,24,56,WR
/players/B/BritJa20.htm,10,43,DB
/players/B/BritJu00.htm,47,64,OT
/players/B/BritEb20.htm,14,39,T
/players/B/BrocCl20.htm,0,20,T
/players/B/BrocLo21.htm,0,53,DB
/players/B/BrohBr00.htm,0,56,QB
/players/B/BrooBa20.htm,33,58,T
/players/B/BrooBu20.htm,0,48,DB
/players/B/BrooCl20.htm,3,45,DB
/players/B/BrooLe00.htm,19,31,DT
/players/B/BrooRe00.htm,13,45,RB
/players/B/BropJa20.htm,8,53,LB
/players/B/BrowAJ00.htm,23,51,WR
/players/B/BrowAr00.htm,3,56,OLB
/players/B/BrowBi00.htm,71,20,RB
/players/B/BrowCh04.htm,83,44,LB
/players/B/BrowCh28.htm,13,64,T
/players/B/BrowCh22.htm,0,28,DB
/players/B/BrowCl20.htm,0,42,TE
/players/B/BrowDe23.htm,29,47,DE
/players/B/BrowDo20.htm,0,20,HB
/players/B/BrowEr21.htm,34,61,DB
/players/B/BrowEv99.htm,5,43,DE
/players/B/BrowMi99.htm,60,39,DB
/players/B/BrowRe01.htm,20,35,WR
/players/B/BrowRo01.htm,21,41,WR
/players/B/BrowSh20.htm,60,59,DB
/players/B/BrowTh00.htm,25,35,RB
/players/B/BrowTo21.htm,31,28,DB
/players/B/BrowVi20.htm,51,43,LB
/players/B/BrowZa00.htm,40,52,OLB
/players/B/BrowGo21.htm,0,31,T
/players/B/BrowKe24.htm,18,30,LB
/players/B/BrowDa23.htm,28,54,DE
/players/B/BroyRy00.htm,3,54,WR
/players/B/BrucIs00.htm,102,33,WR
/players/B/BrunBi20.htm,42,43,DT
/players/B/BryaAn00.htm,37,63,WR
/players/B/BryaCu00.htm,31,31,RB
/players/B/BryaTo20.htm,22,40,DE
/players/B/BuckVi20.htm,36,44,DB
/players/B/BuckBr20.htm,51,50,DT
/players/B/BuehGe20.htm,56,50,G
/players/B/BujnGl20.htm,29,38,G
/players/B/BukiRu00.htm,31,24,QB
/players/B/BullDa20.htm,7,40,DB
/players/B/BullJo20.htm,20,40,DB
/players/B/BurkCh00.htm,31,42,WR
/players/B/BurnKe20.htm,40,42,LOLB
/players/B/BurrBo20.htm,11,27,DB
/players/B/BurrKe01.htm,27,33,WR
/players/B/BussGe20.htm,0,22,DB
/players/B/ButkDi00.htm,84,9,LB
/players/B/ButlDa99.htm,18,41,DB
/players/B/ButlGa00.htm,1,27,TE
/players/B/ButlKe20.htm,51,36,LB
/players/B/ButlLe00.htm,104,48,DB
/players/B/BuziRi20.htm,20,41,T
/players/B/ByrdDe21.htm,19,42,DT
/players/B/ByrdJa99.htm,46,42,DB
/players/B/ByrdRi20.htm,19,36,DE
/players/C/CaldRe00.htm,20,48,WR
/players/C/CaliTy00.htm,5,60,WR
/players/C/CallEr20.htm,14,28,DT
/players/C/CampCa99.htm,102,50,DE
/players/C/CampJe20.htm,30,48,DB
/players/C/CampPa00.htm,2,59,WR
/players/C/CapeWa00.htm,9,52,WR
/players/C/CappBi00.htm,0,51,QB
/players/C/CaraGl00.htm,1,54,QB
/players/C/CarlJo00.htm,16,38,TE
/players/C/CaroJo00.htm,57,16,T
/players/C/CarpRo20.htm,41,32,DT
/players/C/CarrDe02.htm,66,36,QB
/players/C/CarrCo00.htm,6,40,DE
/players/C/CarrLe21.htm,10,31,DE
/players/C/CarrWe00.htm,6,42,WR
/players/C/CartBr00.htm,20,40,MLB
/players/C/CartPa00.htm,8,32,TE
/players/C/CartQu00.htm,17,53,QB
/players/C/CartTi00.htm,9,46,WR
/players/C/CasaTo00.htm,48,29,DB
/players/C/CasaRi00.htm,19,18,FB
/players/C/CasePe20.htm,48,27,G
/players/C/CaseSc00.htm,55,32,DB
/players/C/CaspDa00.htm,52,45,TE
/players/C/CastRi00.htm,55,46,TE
/players/C/CavaMa00.htm,15,50,QB
/players/C/CaveRo20.htm,13,16,MLB
/players/C/CaveQu20.htm,5,55,ROLB
/players/C/CavnGr20.htm,6,36,DB
/players/C/CernJo20.htm,0,16,C
/players/C/ChamCh00.htm,57,52,WR
/players/C/ChanAl00.htm,3,43,TE
/players/C/ChapJa20.htm,3,13,LB
/players/C/CharDJ00.htm,14,61,WR
/players/C/CharMi20.htm,27,55,NT
/players/C/CharIk20.htm,3,52,DB
/players/C/ChavBa20.htm,68,36,DE
/players/C/ChavCo00.htm,42,33,DB
/players/C/CheeMi20.htm,0,60,C
/players/C/CherJe20.htm,4,40,DB
/players/C/ChesCh21.htm,62,56,G
/players/C/ChilFr20.htm,0,55,G
/players/C/ChinJe00.htm,8,64,S
/players/C/ChriTo00.htm,51,56,TE
/players/C/ChubNi00.htm,24,35,RB
/players/C/ChunPa99.htm,51,34,DB
/players/C/CichTo20.htm,4,30,T
/players/C/ClacDa00.htm,2,33,RB
/players/C/ClanCh20.htm,0,39,DB
/players/C/ClapSa20.htm,27,47,T
/players/C/ClarTr20.htm,25,37,G
/players/C/ClarFr01.htm,36,63,DE
/players/C/ClarGa00.htm,86,55,WR
/players/C/ClarLe00.htm,7,14,E
/players/C/ClauJi00.htm,3,48,QB
/players/C/ClayCh01.htm,7,49,WR
/players/C/ClayRa22.htm,0,47,WR
/players/C/CleeCa00.htm,9,40,TE
/players/C/ClemKe00.htm,10,49,QB
/players/C/ClemAn20.htm,41,36,T
/players/C/ClevEz00.htm,6,58,OL
/players/C/ClifCh20.htm,82,44,T
/players/C/ClouMi00.htm,6,54,RB
/players/C/CobbRa00.htm,60,64,WR
/players/C/CobbRe00.htm,28,30,RB
/players/C/CodyDa20.htm,0,53,LB
/players/C/CodySh20.htm,27,37,DT
/players/C/CodyTe99.htm,13,57,DT
/players/C/ColbKe00.htm,14,62,WR
/players/C/ColcRi20.htm,2,38,DB
/players/C/ColeBe20.htm,46,32,G
/players/C/ColeCo21.htm,35,51,G
/players/C/ColeEr20.htm,0,43,DB
/players/C/CollDa20.htm,58,47,T
/players/C/CollAn20.htm,42,46,LB
/players/C/CollGr20.htm,5,35,LB
/players/C/CollJa02.htm,3,42,CB
/players/C/CollJa00.htm,53,52,OLB
/players/C/CollJi01.htm,42,43,RILB
/players/C/CollLa00.htm,46,33,SS
/players/C/CollMa20.htm,70,44,DB
/players/C/CollNi20.htm,45,51,DB
/players/C/CollSh20.htm,6,47,DE
/players/C/CollSo00.htm,3,36,RB
/players/C/CollTo00.htm,11,45,QB
/players/C/CollTo01.htm,48,47,RB
/players/C/CollCr00.htm,64,37,WR
/players/C/ConcJa00.htm,27,16,QB
/players/C/ConjLa00.htm,2,46,RB
/players/C/ConnDa20.htm,32,27,LB
/players/C/ConnDa00.htm,70,15,LB
/players/C/ConwEr00.htm,17,59,TE
/players/C/ConwJo20.htm,12,51,T
/players/C/CookAn20.htm,20,35,DE
/players/C/CookCh99.htm,11,34,DB
/players/C/CookDa01.htm,36,41,RB
/players/C/CookFr20.htm,44,32,DE
/players/C/CookRy20.htm,25,51,C
/players/C/CoopMa20.htm,3,31,G
/players/C/CorbAu00.htm,11,33,C
/players/C/CorbSt20.htm,0,30,G
/players/C/CornBo20.htm,17,40,LOLB
/players/C/CorrKa00.htm,12,42,OLB
/players/C/CottMa20.htm,5,28,ROLB
/players/C/CowaSa00.htm,34,39,LB
/players/C/CoxxJi00.htm,2,54,TE
/players/C/CoxxRo20.htm,20,33,RLB
/players/C/CraiRo00.htm,94,49,RB
/players/C/CravSu00.htm,2,53,OLB
/players/C/CribJo00.htm,54,29,RB
/players/C/CrisKi20.htm,0,31,LB
/players/C/CromNo00.htm,71,31,DB
/players/C/CronPe20.htm,7,51,LB
/players/C/CrosCl20.htm,1,54,DE
/players/C/CrosRa00.htm,100,42,G
/players/C/CrosLe00.htm,1,44,RB
/players/C/CrowLi20.htm,32,14,DB
/players/C/CrowTi99.htm,11,56,DE
/players/C/CrowGe00.htm,23,50,WR
/players/C/CrumAl00.htm,41,35,TE
/players/C/CulpCu00.htm,80,31,DT
/players/C/CunnJe99.htm,9,53,LB
/players/C/CunnRa00.htm,107,37,QB
/players/C/CunnZa00.htm,27,57,OLB
/players/C/CurrBu20.htm,45,36,LB
/players/C/CurrSh20.htm,1,40,DE
/players/C/CurrVi00.htm,22,59,DE
/players/C/CyprJo00.htm,41,33,SS
/players/D/DAgoFr20.htm,0,16,G
/players/D/DOnoMa20.htm,1,34,LB
/players/D/DabnCa20.htm,4,29,DT
/players/D/DaleJe20.htm,14,55,DB
/players/D/DaltAn00.htm,83,35,QB
/players/D/DaniCa20.htm,23,46,LOLB
/players/D/DaniJa01.htm,13,39,C
/players/D/DansKa20.htm,80,33,LB
/players/D/DarbRo00.htm,33,50,CB
/players/D/DarlJa20.htm,28,57,LLB
/players/D/DaviLa00.htm,74,58,OLB
/players/D/DaviKe20.htm,30,43,DE
/players/D/DaviMa01.htm,1,47,DL
/players/D/DaviAn01.htm,24,47,WR
/players/D/DaviAn00.htm,2,37,RB
/players/D/DaviBo00.htm,9,30,QB
/players/D/DaviBr21.htm,9,30,DB
/players/D/DaviBr22.htm,1,50,WR
/players/D/DaviCa02.htm,16,63,CB
/players/D/DaviCh00.htm,7,48,RB
/players/D/DaviDo21.htm,3,25,DT
/players/D/DaviEr00.htm,74,53,DB
/players/D/DaviFr01.htm,14,48,TE
/players/D/DaviIs20.htm,12,43,G
/players/D/DaviJo01.htm,8,30,RB
/players/D/DaviKe00.htm,30,41,RB
/players/D/DaviMi20.htm,38,35,DB
/players/D/DaviNa20.htm,0,32,DE
/players/D/DaviRa03.htm,7,56,DL
/players/D/DaviRo24.htm,3,41,DB
/players/D/DaviRu20.htm,33,48,DT
/players/D/DaviSe00.htm,21,58,FS
/players/D/DaviWa20.htm,6,39,DB
/players/D/DawkBr00.htm,109,61,DB
/players/D/DawkDi00.htm,28,63,OG
/players/D/DawsDe00.htm,105,44,C
/players/D/DawsDo20.htm,31,45,G
/players/D/DawsDu00.htm,0,56,CB
/players/D/DeanFr00.htm,60,33,DE
/players/D/DeanVe20.htm,39,49,DB
/players/D/DelaJo00.htm,17,41,RB
/players/D/DelmLo99.htm,31,33,DB
/players/D/DeLuSa20.htm,34,23,G
/players/D/DeMaBr20.htm,23,40,G
/players/D/DennRy20.htm,23,61,DE
/players/D/DennGl00.htm,1,39,TE
/players/D/DePoJe20.htm,3,37,K
/players/D/DevlJo20.htm,68,52,T
/players/D/DewvWi00.htm,25,18,E
/players/D/DialBu00.htm,49,22,SE
/players/D/DierDa00.htm,94,43,T
/players/D/DiggTr00.htm,5,51,CB
/players/D/DilgKe00.htm,35,48,TE
/players/D/DillAJ00.htm,2,62,RB
/players/D/DillCo00.htm,74,43,RB
/players/D/DixoTo20.htm,8,56,DB
/players/D/DizoJo99.htm,2,45,LB
/players/D/DobbJK00.htm,7,55,RB
/players/D/DobsAa00.htm,6,59,WR
/players/D/DoddKe00.htm,2,33,DE
/players/D/DonaRa00.htm,86,32,C
/players/D/DonlDo00.htm,7,53,WR
/players/D/DossMi20.htm,17,58,DB
/players/D/DotsAl20.htm,8,24,DT
/players/D/DougGl00.htm,41,47,WR
/players/D/DougBo00.htm,37,41,QB
/players/D/DowlRa00.htm,0,33,DB
/players/D/DownWa20.htm,5,47,G
/players/D/DrakTy20.htm,19,62,DB
/players/D/DrayTr00.htm,21,39,TE
/players/D/DrecDa20.htm,8,48,G
/players/D/DronSh20.htm,37,54,DT
/players/D/DuBoDe20.htm,5,34,LB
/players/D/DuboJi00.htm,6,30,RB
/players/D/DucaVl20.htm,23,61,G
/players/D/DuggKy00.htm,3,37,S
/players/D/DumaMi20.htm,21,28,DB
/players/D/DunaDa20.htm,1,41,WR
/players/D/DunaJi00.htm,62,9,DT
/players/D/DunlCa99.htm,63,54,DE
/players/D/DunnJa00.htm,7,54,TE
/players/D/DupeMa00.htm,76,52,WR
/players/D/DuraJu99.htm,36,48,LB
/players/D/DuseBi00.htm,0,40,RB
/players/D/DysoAn20.htm,34,60,DB
/players/E/EalyKo00.htm,12,60,DE
/players/E/EasoBo20.htm,12,54,DB
/players/E/EddyNi00.htm,8,24,RB
/players/E/EdelBr00.htm,47,30,G
/players/E/EdwaBr20.htm,33,54,DB
/players/E/EdwaDi20.htm,37,37,LB
/players/E/EdwaDw20.htm,31,51,DT
/players/E/EdwaEm00.htm,1,40,WR
/players/E/EdwaKa20.htm,21,35,DE
/players/E/EdwaMa00.htm,14,55,FB
/players/E/EdwaMa01.htm,14,35,DE
/players/E/EidsJi20.htm,0,55,G
/players/E/ElkiMi00.htm,0,32,QB
/players/E/EllaHe00.htm,96,32,WR
/players/E/ElliJu00.htm,69,36,T
/players/E/ElliWi00.htm,37,33,RB
/players/E/EmanBe00.htm,39,45,WR
/players/E/EmanFr20.htm,15,9,LB
/players/E/EngeJo20.htm,32,35,DE
/players/E/EnglDo00.htm,74,38,DT
/players/E/EngrBo00.htm,52,52,WR
/players/E/EnyaBi00.htm,6,27,RB
/players/E/EpenAJ00.htm,2,54,DL
/players/E/ErtzZa00.htm,42,35,TE
/players/E/EscoGa00.htm,2,47,TE
/players/E/EsiaBo00.htm,106,38,QB
/players/E/EsteDo20.htm,0,15,G
/players/E/EvanDo20.htm,42,47,DE
/players/E/EvanJo21.htm,7,39,P
/players/E/EvanJu00.htm,10,50,SS
/players/E/EverGe00.htm,11,44,TE
/players/E/EveyDi20.htm,39,12,DT
/players/F/FahnKe00.htm,81,35,T
/players/F/FantKe20.htm,39,37,LB
/players/F/FasaAn00.htm,22,53,TE
/players/F/FaulKe00.htm,56,46,RB
/players/F/FaurCh00.htm,17,39,TE
/players/F/FavrBr00.htm,156,33,QB
/players/F/FavrCa20.htm,10,46,LB
/players/F/FazaJe00.htm,5,60,RB
/players/F/FergEg00.htm,2,51,DT
/players/F/FergRo00.htm,18,41,WR
/players/F/FielAn21.htm,0,38,T
/players/F/FishCh20.htm,0,33,DB
/players/F/FishJa00.htm,3,53,OT
/players/F/FishLe20.htm,6,49,ROLB
/players/F/FishTr20.htm,25,64,DB
/players/F/FlanJi20.htm,17,51,MLB
/players/F/FlanJo20.htm,17,44,G
/players/F/FleeCo00.htm,25,34,TE
/players/F/FlemGe20.htm,6,13,HB
/players/F/FletSi20.htm,62,54,LB
/players/F/FletTe00.htm,22,51,RB
/players/F/FlorDr20.htm,40,46,DB
/players/F/FlowBr99.htm,50,35,DB
/players/F/FlowKe00.htm,1,31,RB
/players/F/FlowRi20.htm,11,49,DB
/players/F/FloyDo00.htm,49,23,DE
/players/F/FoleTi20.htm,0,51,T
/players/F/FolsJa20.htm,8,52,LLB
/players/F/FonoTo20.htm,17,39,G
/players/F/FootDa20.htm,18,42,DE
/players/F/FordCh20.htm,25,36,DB
/players/F/FordCo00.htm,11,38,OL
/players/F/FordJo20.htm,1,30,WR
/players/F/FortIk00.htm,8,35,RB
/players/F/FortMa00.htm,82,44,RB
/players/F/FostDe00.htm,31,34,RB
/players/F/FourSi20.htm,14,20,G
/players/F/FoxxMi20.htm,42,51,DE
/players/F/FranRo20.htm,8,39,DB
/players/F/FranJo00.htm,7,56,TE
/players/F/FranAn00.htm,18,56,RB
/players/F/FranBy00.htm,16,50,WR
/players/F/FranGe00.htm,0,47,RB
/players/F/FranOr00.htm,45,46,RT
/players/F/FrazCl20.htm,0,41,DT
/players/F/FreeEd20.htm,1,43,DE
/players/F/FreeRe20.htm,1,53,LB
/players/F/FrieLe20.htm,19,61,G
/players/F/FullCo20.htm,47,55,DB
/players/F/FultKr00.htm,0,61,CB
/players/F/FultMi20.htm,8,34,DT
/players/F/FuncDe00.htm,20,41,WR
/players/F/FuncTo20.htm,29,32,T
/players/G/GaffJa00.htm,42,33,WR
/players/G/GagnLa20.htm,27,19,G
/players/G/GaitBo00.htm,8,17,HB
/players/G/GalbTo00.htm,57,32,RB
/players/G/GallDa21.htm,31,38,DT
/players/G/GannMi20.htm,43,45,DE
/players/G/GarcJi20.htm,6,17,DE
/players/G/GardBa20.htm,17,35,MLB
/players/G/GardCa00.htm,7,42,FB
/players/G/GarlJo20.htm,32,47,LB
/players/G/GarnCh00.htm,73,42,RB
/players/G/GaroJi00.htm,27,62,QB
/players/G/GarrMi00.htm,66,18,RB
/players/G/GaryRu20.htm,30,29,DB
/players/G/GastMa00.htm,78,41,DE
/players/G/GautPr00.htm,25,19,HB
/players/G/GayxWi20.htm,50,55,DE
/players/G/GayJWi00.htm,4,63,LB
/players/G/GeatJu20.htm,26,42,DE
/players/G/GeorBi00.htm,63,23,LB
/players/G/GerhTo00.htm,16,51,RB
/players/G/GesiMi00.htm,12,42,TE
/players/G/GettCh20.htm,55,41,T
/players/G/GibbSo00.htm,0,18,QB
/players/G/GilbDa20.htm,9,38,T
/players/G/GilbMa00.htm,42,63,RT
/players/G/GilbTo21.htm,9,21,T
/players/G/GilcMa00.htm,43,50,DB
/players/G/GillOw20.htm,4,53,RB
/players/G/GillJo01.htm,75,52,WR
/players/G/GipsPa00.htm,6,29,RB
/players/G/GiviEr00.htm,65,34,WR
/players/G/GlasGl00.htm,9,12,DB
/players/G/GlenCo00.htm,41,41,T
/players/G/GlenVe20.htm,57,54,DB
/players/G/GlovKe00.htm,79,34,C
/players/G/GodfRa20.htm,71,49,LB
/players/G/GoedDa00.htm,10,49,TE
/players/G/GoldIa00.htm,41,40,LB
/players/G/GoldMa00.htm,24,58,OLB
/players/G/GoldEd00.htm,29,39,DT
/players/G/GoliBo00.htm,72,52,NT
/players/G/GoodTo00.htm,32,15,C
/players/G/GoodDa20.htm,1,32,LB
/players/G/GoodJo21.htm,26,56,DE
/players/G/GoodDw20.htm,1,49,DB
/players/G/GordAl20.htm,21,42,LOLB
/players/G/GordJo02.htm,28,1,WR
/players/G/GordJo00.htm,60,24,G
/players/G/GotsAd00.htm,20,63,DT
/players/G/GrafRi20.htm,14,43,LOLB
/players/G/GragSc20.htm,62,54,T
/players/G/GrahJe00.htm,59,46,WR
/players/G/GranBo20.htm,18,50,LLB
/players/G/GranDe21.htm,65,57,DB
/players/G/GravGo20.htm,31,38,T
/players/G/GrayCa20.htm,26,30,DB
/players/G/GrayEa00.htm,27,36,WR
/players/G/GrayMe00.htm,11,42,RB
/players/G/GrayTo20.htm,0,49,DB
/players/G/GreeBa20.htm,21,50,ROLB
/players/G/GreeCu20.htm,24,46,DE
/players/G/GreeHa00.htm,40,38,RB
/players/G/GreeJa00.htm,24,34,WR
/players/G/GreeSa20.htm,15,29,LB
/players/G/GreeT.00.htm,5,57,FS
/players/G/GreeDo00.htm,7,40,WR
/players/G/GreeAn20.htm,0,53,G
/players/G/GregFo00.htm,108,20,T
/players/G/GregRa00.htm,4,60,DE
/players/G/GrifBo20.htm,2,25,LB
/players/G/GrifCe20.htm,26,48,DB
/players/G/GrifCo20.htm,59,42,DT
/players/G/GrifRa20.htm,7,35,DB
/players/G/GrimBo00.htm,30,28,WR
/players/G/GrimRa20.htm,44,45,C
/players/G/GronRo00.htm,73,42,TE
/players/G/GrosEa00.htm,35,15,FB
/players/G/GrosLe20.htm,0,32,C
/players/G/GrosYe00.htm,3,38,DL
/players/G/GrovJa20.htm,20,45,C
/players/G/GrovQu99.htm,17,52,LB
/players/G/GrunTi20.htm,72,40,C
/players/G/GuenMi20.htm,0,33,LB
/players/G/GuicDe00.htm,2,59,RB
/players/G/GuroAn20.htm,61,37,G
/players/H/HackDi00.htm,37,35,LB
/players/H/HageRa00.htm,8,37,DT
/players/H/HaikMa00.htm,11,49,WR
/players/H/HaleDa21.htm,12,55,T
/players/H/HallCo22.htm,56,37,C
/players/H/HallDe20.htm,11,38,DB
/players/H/HallP.00.htm,12,57,DT
/players/H/HallWi20.htm,30,31,RILB
/players/H/HallBo20.htm,22,53,G
/players/H/HamxJa00.htm,117,34,LB
/players/H/HamiSt20.htm,5,55,DE
/players/H/HamlKJ00.htm,3,46,WR
/players/H/HamlKe20.htm,39,42,DB
/players/H/HankJo00.htm,38,49,DT
/players/H/HanrTe00.htm,8,30,QB
/players/H/HansPh20.htm,62,54,DE
/players/H/hansojas01.htm,48,56,K
/players/H/HansBy00.htm,8,41,RB
/players/H/HardBu20.htm,0,41,T
/players/H/HardMo00.htm,4,59,RB
/players/H/HardDe21.htm,20,32,DE
/players/H/HardMe00.htm,13,56,WR
/players/H/HardAd20.htm,0,48,DB
/players/H/HardJa00.htm,1,41,WR
/players/H/HarpRo20.htm,14,38,DB
/players/H/HarpRo21.htm,58,43,DB
/players/H/HarpWi20.htm,45,41,LB
/players/H/HarrPe00.htm,9,53,RB
/players/H/HarrBr00.htm,0,60,DB
/players/H/HarrDa99.htm,74,47,LB
/players/H/HarrRo20.htm,32,39,DT
/players/H/HarrBo23.htm,29,17,MLB
/players/H/HarrDw20.htm,33,35,DB
/players/H/HarrJi00.htm,11,28,RB
/players/H/HartMi20.htm,67,31,DE
/players/H/HartJo20.htm,11,36,NT
/players/H/HaslJi20.htm,42,51,LB
/players/H/HassDo00.htm,15,52,TE
/players/H/HaveRo00.htm,39,57,OT
/players/H/HawkAl00.htm,24,13,HB
/players/H/HawkAr20.htm,38,43,DB
/players/H/HawkCo00.htm,35,44,WR
/players/H/HawkRi00.htm,31,15,LB
/players/H/HaydKe20.htm,21,60,DB
/players/H/HayeJo00.htm,14,41,TE
/players/H/HaywCa00.htm,54,62,DB
/players/H/HectJo00.htm,39,51,RB
/players/H/HeinBo21.htm,32,37,DT
/players/H/HendDe00.htm,36,50,WR
/players/H/HendE.20.htm,47,40,LB
/players/H/HendJe20.htm,17,41,DB
/players/H/HendTe00.htm,115,33,LB
/players/H/HenlDa20.htm,21,53,DB
/players/H/HennCh01.htm,27,57,QB
/players/H/HenrCh01.htm,1,50,RB
/players/H/HenrDe00.htm,44,45,RB
/players/H/HenrHu00.htm,18,35,TE
/players/H/HenrTr00.htm,41,58,RB
/players/H/HernJo00.htm,0,15,WR
/players/H/HernWi00.htm,18,34,OG
/players/H/HerrKi20.htm,36,58,DB
/players/H/HestDe99.htm,49,57,PR
/players/H/HickSy20.htm,12,29,DE
/players/H/HiggTe00.htm,6,33,WR
/players/H/HillDa01.htm,33,46,TE
/players/H/HillEd00.htm,5,54,RB
/players/H/HillJe01.htm,20,55,RB
/players/H/HillJe00.htm,35,11,RB
/players/H/HillLo00.htm,17,40,WR
/players/H/HillMa21.htm,0,63,DE
/players/H/HillSt00.htm,4,43,WR
/players/H/HillTr00.htm,3,58,DL
/players/H/HillJe21.htm,29,10,LB
/players/H/HillDa00.htm,48,31,RB
/players/H/HindSt20.htm,24,12,DE
/players/H/HineAn20.htm,0,44,T
/players/H/HintCh20.htm,42,17,DT
/players/H/HoarLe00.htm,43,45,RB
/players/H/HobsVi20.htm,26,53,ROLB
/players/H/HolcRo00.htm,14,37,RB
/players/H/HoldSa20.htm,0,31,T
/players/H/HollJo00.htm,7,29,WR
/players/H/HollJo20.htm,46,41,LB
/players/H/HollTo00.htm,2,1,RB
/players/H/HoltIs20.htm,37,30,DB
/players/H/HoltPi00.htm,47,39,DE
/players/H/HoluE.00.htm,73,16,LB
/players/H/HolzTo20.htm,2,39,DE
/players/H/HopkRo00.htm,10,49,RB
/players/H/HopkWe00.htm,70,35,DB
/players/H/HornSa00.htm,11,21,HB
/players/H/HortRa20.htm,45,53,DB
/players/H/HousKe00.htm,42,49,WR
/players/H/HousCh99.htm,39,41,DB
/players/H/HousLa99.htm,31,44,DT
/players/H/HowaBi20.htm,14,39,DE
/players/H/HowaBo20.htm,61,48,DB
/players/H/HowaDa21.htm,42,33,DE
/players/H/HowaEr00.htm,48,46,NT
/players/H/HowaTh20.htm,34,38,LB
/players/H/HowaWi20.htm,1,57,DE
/players/H/HowaXa00.htm,46,38,CB
/players/H/HowePa20.htm,13,49,G
/players/H/HowtBi00.htm,24,15,E
/players/H/HrivGa20.htm,9,48,DE
/players/H/HuarJo00.htm,1,12,QB
/players/H/HudsDi00.htm,28,16,T
/players/H/HudsRo00.htm,63,55,OL
/players/H/HuffGa00.htm,10,33,QB
/players/H/HuffDa21.htm,8,43,G
/players/H/HughDa01.htm,15,31,RB
/players/H/HumpBu00.htm,3,16,QB
/players/H/HuntMa00.htm,16,53,DE
/players/H/HuntMi20.htm,9,34,MLB
/players/H/HuntRo01.htm,6,39,OL
/players/H/HuntJu00.htm,9,34,WR
/players/H/HurtJa00.htm,4,53,QB
/players/H/HutcSc20.htm,9,38,DE
/players/H/HutcTo00.htm,5,12,TE
/players/H/HutcCh20.htm,6,38,G
/players/H/HyatFr00.htm,1,40,WR
/players/H/HydeCa00.htm,31,57,RB
/players/I/IfeaIs20.htm,0,46,DE
/players/I/IjalBe00.htm,6,49,OL
/players/I/IsabAn00.htm,4,62,WR
/players/I/IsenJo00.htm,5,48,RB
/players/I/IsmaQa00.htm,38,52,WR
/players/I/IsraSt20.htm,15,30,DB
/players/I/IvorHo00.htm,16,44,RB
/players/J/JackMy00.htm,32,36,OLB
/players/J/JackAl23.htm,2,59,LB
/players/J/JackBo01.htm,9,19,FB
/players/J/JackBr00.htm,16,63,RB
/players/J/JackCh00.htm,2,36,WR
/players/J/JackDQ20.htm,61,34,LB
/players/J/JackDe00.htm,73,49,WR
/players/J/JackDe01.htm,0,58,WR
/players/J/JackDo02.htm,18,55,CB
/players/J/JackJo01.htm,7,45,CB
/players/J/JackLe01.htm,3,14,HB
/players/J/JackMo00.htm,58,28,DB
/players/J/JackRi01.htm,113,51,LB
/players/J/JackTa00.htm,21,64,QB
/players/J/JackVe20.htm,47,55,DB
/players/J/JackVi00.htm,77,61,WR
/players/J/JacoPr20.htm,10,17,T
/players/J/JacoTa00.htm,2,44,WR
/players/J/JameGa00.htm,17,29,RB
/players/J/JameJe21.htm,0,62,C
/players/J/JameLa00.htm,2,61,RB
/players/J/JameTo99.htm,33,44,DB
/players/J/JamiGe20.htm,45,47,LB
/players/J/JaneEr20.htm,6,37,G
/players/J/JansJo20.htm,61,37,T
/players/J/JarrDw00.htm,4,45,WR
/players/J/JarrJa00.htm,4,54,DB
/players/J/JawoRo00.htm,84,37,QB
/players/J/JeanSt00.htm,0,58,CB
/players/J/JeffRo00.htm,73,18,WR
/players/J/JeffVa00.htm,1,57,WR
/players/J/JeffAl00.htm,49,45,WR
/players/J/JeffTo20.htm,0,38,RB
/players/J/JencBo20.htm,,25,TE
/players/J/JenkDe20.htm,21,55,DB
/players/J/JenkEl00.htm,21,44,OL
/players/J/JenkJa03.htm,66,39,CB
/players/J/JenkJa01.htm,23,41,DL
/players/J/JenkKr00.htm,66,44,DT
/players/J/JennGr00.htm,65,52,WR
/players/J/JennTi20.htm,50,62,DB
/players/J/JensJi01.htm,14,40,RB
/players/J/JernTi00.htm,24,48,DT
/players/J/JeteBo00.htm,50,17,DB
/players/J/JohnAl22.htm,21,38,C
/players/J/JohnAl25.htm,6,48,LB
/players/J/JohnAn00.htm,32,36,RB
/players/J/JohnAu01.htm,12,43,DT
/players/J/JohnBe00.htm,8,45,WR
/players/J/JohnBi00.htm,4,38,RB
/players/J/JohnCh01.htm,87,36,WR
/players/J/JohnJ.00.htm,7,39,RB
/players/J/JohnJa13.htm,6,50,CB
/players/J/JohnJo22.htm,10,53,LLB
/players/J/JohnJo02.htm,41,18,FB
/players/J/JohnKe06.htm,11,43,RB
/players/J/JohnKe01.htm,32,32,WR
/players/J/JohnLa22.htm,11,40,DB
/players/J/JohnLo00.htm,13,61,TE
/players/J/JohnLo01.htm,6,54,CB
/players/J/JohnMa20.htm,9,49,G
/players/J/JohnMe20.htm,13,43,DB
/players/J/JohnMo20.htm,45,49,LB
/players/J/JohnPa00.htm,11,42,WR
/players/J/JohnPe01.htm,76,51,LB
/players/J/JohnPe00.htm,52,49,RB
/players/J/JohnRe00.htm,8,30,TE
/players/J/JohnSt20.htm,2,46,NT
/players/J/JohnTa20.htm,22,47,DT
/players/J/JohnTe20.htm,45,57,LB
/players/J/JohnTe00.htm,2,63,TE
/players/J/JohnTr03.htm,42,31,G
/players/J/JohnTy99.htm,10,43,DB
/players/J/JohnVa00.htm,47,31,WR
/players/J/JohnWa00.htm,62,27,DT
/players/J/JohnWa21.htm,3,46,LB
/players/J/JohnDa00.htm,25,39,RB
/players/J/JohnLa23.htm,41,57,DE
/players/J/JollDo00.htm,11,55,TE
/players/J/JoneBo01.htm,1,36,WR
/players/J/JoneCh09.htm,39,37,DT
/players/J/JoneCy00.htm,1,60,CB
/players/J/JoneDa22.htm,22,51,MLB
/players/J/JoneDe01.htm,33,52,OLB
/players/J/JoneFr00.htm,25,45,TE
/players/J/JoneGo00.htm,13,34,WR
/players/J/JoneGr20.htm,16,51,LLB
/players/J/JoneGr01.htm,11,55,RB
/players/J/JoneJa99.htm,31,54,DT
/players/J/JoneJe23.htm,11,32,T
/players/J/JoneJo21.htm,36,36,DE
/players/J/JoneJo06.htm,17,61,S
/players/J/JoneJu01.htm,38,43,RB
/players/J/JoneKe21.htm,52,45,T
/players/J/JoneLe22.htm,42,48,DE
/players/J/JoneMi23.htm,37,32,DE
/players/J/JoneQu20.htm,0,48,DB
/players/J/JoneRa22.htm,6,34,DB
/players/J/JoneRo01.htm,15,38,RB
/players/J/JoneRu00.htm,63,42,DE
/players/J/JoneSe00.htm,67,51,DE
/players/J/JoneSe20.htm,35,59,DB
/players/J/JoneSi00.htm,4,43,CB
/players/J/JoneWi21.htm,5,42,DE
/players/J/JoneZa00.htm,11,37,WR
/players/D/DrewMa00.htm,74,60,RB
/players/J/JoppBe00.htm,0,41,TE
/players/J/JordLa00.htm,31,49,RB
/players/J/JordLe00.htm,90,14,LB
/players/J/JoseLi99.htm,68,46,DT
/players/J/JoycDo00.htm,8,18,DE
/players/J/JoynLa00.htm,29,41,CB
/players/J/JureJo00.htm,30,55,WR
/players/J/JustWi20.htm,23,39,T
/players/K/KaepCo00.htm,45,36,QB
/players/K/KaliRy20.htm,80,59,C
/players/K/KammCa20.htm,31,22,DE
/players/K/KaniJi20.htm,36,23,DT
/players/K/KeitGa00.htm,3,45,QB
/players/K/KelcLo00.htm,54,30,DT
/players/K/KellBr21.htm,35,45,DB
/players/K/KellJi02.htm,6,28,TE
/players/K/KellMa01.htm,3,51,WR
/players/K/KellRe00.htm,13,42,TE
/players/K/KellRo20.htm,4,33,DB
/players/K/KelsCh21.htm,46,48,DE
/players/K/KendEr00.htm,49,45,ILB
/players/K/KendLa00.htm,16,47,TE
/players/K/KendMy00.htm,38,46,ILB
/players/K/KennDe20.htm,50,45,G
/players/K/KennKe21.htm,34,45,DB
/players/K/KentJo00.htm,2,46,WR
/players/K/KeyeJi20.htm,5,35,LB
/players/K/KielTe20.htm,20,62,DB
/players/K/KikaHa00.htm,5,44,OLB
/players/K/KimbEl20.htm,30,18,DB
/players/K/KinaBi20.htm,7,25,DB
/players/K/KindGr20.htm,4,33,G
/players/K/KindSe99.htm,0,43,LB
/players/K/KingEd21.htm,22,29,G
/players/K/KingKe01.htm,15,33,CB
/players/K/KingSh00.htm,18,50,QB
/players/K/KingSh20.htm,10,36,DE
/players/K/KirbJo20.htm,28,16,RLB
/players/K/KirkCh01.htm,15,47,WR
/players/K/KirkLe00.htm,83,38,LB
/players/K/KizeDe00.htm,6,52,QB
/players/K/KleiJi00.htm,14,44,TE
/players/K/KlemAd20.htm,10,46,G
/players/K/KlopJo00.htm,3,46,TE
/players/K/KmetCo00.htm,2,43,TE
/players/K/KnafGa00.htm,6,14,E
/players/K/KnofKu20.htm,19,43,DB
/players/K/KochGr20.htm,64,39,T
/players/K/KochMa20.htm,19,30,DE
/players/K/KoflMa00.htm,3,48,QB
/players/K/KohrBo20.htm,8,35,DE
/players/K/KolbKe00.htm,12,36,QB
/players/K/KoloCh20.htm,1,52,TE
/players/K/KonrRo00.htm,9,43,FB
/players/K/KonzPe00.htm,16,55,C
/players/K/KortSt20.htm,27,38,C
/players/K/KorvKe20.htm,10,33,DT
/players/K/KostRo20.htm,43,26,DT
/players/K/KouaCy00.htm,4,44,OT
/players/K/KoyxTe00.htm,1,50,TE
/players/K/KozaSc20.htm,5,50,LB
/players/K/KpasTa00.htm,14,59,DE
/players/K/KrauPa00.htm,141,18,DB
/players/K/KrevAl20.htm,0,39,T
/players/K/KrolAl20.htm,5,13,T
/players/K/KrouRa00.htm,7,25,DT
/players/K/KrucMi00.htm,7,47,QB
/players/K/KrueRo20.htm,19,35,DE
/players/K/KrugPa99.htm,29,57,DE
/players/K/KrupJo00.htm,32,17,DT
/players/K/KrutLa00.htm,1,20,FB
/players/L/LaBoTr20.htm,21,42,DE
/players/L/LacyEd00.htm,36,61,RB
/players/L/LaHoMi20.htm,4,51,G
/players/L/LakeCa00.htm,93,34,DB
/players/L/LakeRo20.htm,50,24,DT
/players/L/LambJa00.htm,112,46,LB
/players/L/LampFo00.htm,9,38,OG
/players/L/LandHa00.htm,18,41,OLB
/players/L/LandJa00.htm,50,63,WR
/players/L/LaniWi00.htm,92,50,LB
/players/L/LansBu00.htm,7,22,G
/players/L/LaRoDa20.htm,22,23,T
/players/L/LaskGr20.htm,0,53,DB
/players/L/LaskFr20.htm,6,26,T
/players/L/LatiCo00.htm,6,56,WR
/players/L/LaurJa99.htm,49,35,LB
/players/L/LawlBu20.htm,11,44,G
/players/L/LawrDe00.htm,45,34,DE
/players/L/LawsTr99.htm,7,47,DT
/players/L/LawsSt20.htm,17,41,G
/players/L/LaymJa20.htm,8,48,G
/players/L/LazePe20.htm,10,36,DE
/players/L/LeexAm00.htm,32,45,RB
/players/L/leexxjoh02.htm,0,32,K
/players/L/LeexKe00.htm,1,35,WR
/players/L/LeexMa20.htm,67,34,DB
/players/L/LeexMa00.htm,17,39,WR
/players/L/LeexPa99.htm,4,60,DB
/players/L/LeexSe99.htm,50,55,MLB
/players/L/LehmTe20.htm,9,37,MLB
/players/L/LeMoJi20.htm,0,42,TE
/players/L/LenkBi20.htm,67,43,C
/players/L/LeonBr00.htm,11,52,RB
/players/L/LeonDa00.htm,40,36,LB
/players/L/LeshMi00.htm,5,57,RB
/players/L/LeViJe00.htm,19,40,WR
/players/L/LeviAn20.htm,61,51,G
/players/L/LevyCh00.htm,4,38,RB
/players/L/LewiDa04.htm,51,38,DB
/players/L/LewiDa03.htm,41,29,LB
/players/L/LewiEd20.htm,8,57,DB
/players/L/LewiGa00.htm,2,35,TE
/players/L/LewiMi99.htm,42,58,DB
/players/L/LewiTy00.htm,7,64,DE
/players/L/LighMa20.htm,101,48,T
/players/L/LillBo00.htm,111,14,DT
/players/L/LincKe00.htm,48,16,FB
/players/L/LindJi00.htm,12,27,RB
/players/L/LittGr00.htm,12,59,WR
/players/L/LittGr01.htm,0,37,OL
/players/L/LiviMi00.htm,43,48,QB
/players/L/LoadPh20.htm,42,54,T
/players/L/LockDr00.htm,8,42,QB
/players/L/LockKe00.htm,15,47,WR
/players/L/LoftCu99.htm,50,37,LB
/players/L/LogaMi20.htm,15,50,DB
/players/L/lohmichi01.htm,19,55,K
/players/L/LomaNe00.htm,71,33,QB
/players/L/LongBo21.htm,7,18,LB
/players/L/LongHo00.htm,95,48,DE
/players/L/LongKe20.htm,0,44,G
/players/L/LoriTo00.htm,28,22,RB
/players/L/LucaKe20.htm,46,40,DB
/players/L/LuckOl00.htm,6,44,QB
/players/L/LutuDe20.htm,32,41,G
/players/L/LutzDa20.htm,74,34,T
/players/L/LyleLe20.htm,7,40,DB
/players/L/LyncJi00.htm,72,47,LB
/players/L/LyncTo20.htm,32,30,G
/players/L/LytlRo00.htm,16,45,RB
/players/M/MaceDo20.htm,76,31,C
/players/M/MackCe20.htm,38,44,DB
/players/M/MackJo00.htm,58,19,TE
/players/M/MacoEd20.htm,10,20,DB
/players/M/MadiSa00.htm,92,44,DB
/players/M/MagaMi20.htm,22,16,G
/players/M/MaggDo20.htm,24,29,T
/players/M/MahlEr20.htm,9,32,G
/players/M/MaloAr00.htm,33,39,RB
/players/M/MaloBe00.htm,31,47,RB
/players/M/MaloVa20.htm,7,57,DB
/players/M/MandJi00.htm,22,29,TE
/players/M/MandPe00.htm,21,47,WR
/players/M/ManlJa21.htm,0,45,DT
/players/M/MannDa21.htm,43,42,DB
/players/M/MannRo20.htm,9,42,DT
/players/M/MansRa20.htm,68,18,C
/players/M/MarcGi00.htm,58,14,DE
/players/M/marcoche01.htm,21,34,K
/players/M/MariEd00.htm,23,50,RB
/players/M/MarkMa20.htm,0,43,C
/players/M/MarkSe99.htm,28,62,DT
/players/M/MarpAl00.htm,42,61,C
/players/M/MarsDo00.htm,17,33,TE
/players/M/MarsLe00.htm,71,37,DE
/players/M/MarsRi20.htm,33,58,DB
/players/M/MartBi00.htm,7,21,TE
/players/M/MartJi20.htm,10,26,G
/players/M/MartJo01.htm,19,42,OT
/players/M/MartNi00.htm,33,50,C
/players/M/MartSh99.htm,16,59,DB
/players/M/MarxGr20.htm,4,39,DE
/players/M/MassMo00.htm,12,50,WR
/players/M/MassRo00.htm,36,46,DB
/players/M/MassRi20.htm,2,46,WR
/players/M/MastNo20.htm,19,18,T
/players/M/MathDe20.htm,6,51,DB
/players/M/MathRa99.htm,70,39,DB
/players/M/MathRe20.htm,7,38,RLB
/players/M/MattAl20.htm,39,41,DB
/players/M/MattJo00.htm,23,42,WR
/players/M/MauaRe99.htm,48,38,LB
/players/M/MawaKe00.htm,109,36,C
/players/M/MaxwTo20.htm,12,51,DB
/players/M/MaxwVe20.htm,25,29,LB
/players/M/MayeMa00.htm,25,39,FS
/players/M/MayeDe00.htm,16,56,WR
/players/M/MaysTa99.htm,8,49,DB
/players/M/McBaDa99.htm,1,48,DB
/players/M/McBrTu99.htm,13,54,DT
/players/M/McCaRo20.htm,2,40,LB
/players/M/McCaRo21.htm,7,53,LB
/players/M/McClDe21.htm,39,40,DB
/players/M/McClDe00.htm,21,36,WR
/players/M/McCoEr01.htm,18,48,OL
/players/M/McCoLe01.htm,84,53,RB
/players/M/McCoMa20.htm,9,63,LB
/players/M/McCrLo00.htm,1,49,TE
/players/M/McCuJi20.htm,22,14,T
/players/M/McDaOr20.htm,0,50,WR
/players/M/McDaDa20.htm,0,45,WR
/players/M/McDoMa20.htm,0,39,WR
/players/M/McDoTi00.htm,81,34,DB
/players/M/McDoVa00.htm,14,55,TE
/players/M/McElLe00.htm,5,32,RB
/players/M/McElRe20.htm,42,51,T
/players/M/McFaBr20.htm,27,62,DB
/players/M/McGeMi20.htm,21,14,G
/players/M/McGeTo00.htm,28,37,TE
/players/M/McGhKa20.htm,5,55,LB
/players/M/McGiRa20.htm,27,28,DB
/players/M/McGrJo21.htm,21,57,DB
/players/M/McGrLa20.htm,45,45,LB
/players/M/McInRo20.htm,38,35,LB
/players/M/McKeRe20.htm,86,27,G
/players/M/McKiBe00.htm,43,43,ILB
/players/M/McKiOd20.htm,8,37,DB
/players/M/McKiXa00.htm,0,36,S
/players/M/McKnTe00.htm,21,57,RB
/players/M/McMiRa02.htm,11,54,ILB
/players/M/McNeGe00.htm,6,44,WR
/players/M/McNeRy20.htm,62,33,DB
/players/M/McNeMa20.htm,54,50,T
/players/M/McRaBe20.htm,61,21,DB
/players/M/MeadAd20.htm,55,48,T
/players/M/MeanNa00.htm,38,41,RB
/players/M/MeesBr20.htm,70,60,C
/players/M/MeliOb00.htm,0,56,SS
/players/M/MendMa20.htm,15,55,DE
/players/M/MerlPh99.htm,6,32,DE
/players/M/MerrMa20.htm,9,31,LB
/players/M/MetcDK00.htm,21,64,WR
/players/M/MewhJa00.htm,25,59,OT
/players/M/MichCh00.htm,12,62,RB
/players/M/MickDa20.htm,28,2,DE
/players/M/MilbGl00.htm,19,43,RB
/players/M/MildJa20.htm,13,46,DB
/players/M/MillMa01.htm,67,43,LB
/players/M/MillAn02.htm,12,51,WR
/players/M/MillBi01.htm,21,11,SE
/players/M/MillJu99.htm,15,57,DB
/players/M/MillZa01.htm,28,38,TE
/players/M/MillLa00.htm,86,36,DB
/players/M/MimsDe00.htm,2,59,WR
/players/M/MintKe00.htm,25,45,ILB
/players/M/MintMi21.htm,55,56,DB
/players/M/MiraGe00.htm,10,15,QB
/players/M/MiraDe20.htm,15,55,T
/players/M/MisiKo99.htm,29,40,LB
/players/M/MitcAa20.htm,8,55,DB
/players/M/MitcBr20.htm,23,59,DE
/players/M/MitcKa20.htm,37,47,LB
/players/M/MitcKe21.htm,19,53,MLB
/players/M/MitcLy00.htm,90,48,RB
/players/M/MitcMi99.htm,36,47,DB
/players/M/MitcRo20.htm,13,33,DB
/players/M/MixxBr20.htm,1,38,DE
/players/M/MixoJo00.htm,27,48,RB
/players/M/MixoKe20.htm,37,49,DE
/players/M/MoalFi99.htm,18,56,DT
/players/M/ModzDi00.htm,41,16,DT
/players/M/MontAl20.htm,0,52,DB
/players/M/MontJo00.htm,2,49,RB
/players/M/MontMi21.htm,53,32,C
/players/M/MoorDe22.htm,49,29,DT
/players/M/MoorEd20.htm,3,49,LB
/players/M/MoorMa21.htm,1,54,WR
/players/M/MoorRa00.htm,26,45,FS
/players/M/MoorWi99.htm,38,55,DB
/players/M/MoorJo20.htm,0,32,T
/players/M/MorgQu00.htm,20,33,WR
/players/M/MoriBr20.htm,0,44,G
/players/M/MorrJo00.htm,46,45,RB
/players/M/MorrJo03.htm,79,27,C
/players/M/MorrMa00.htm,29,54,RB
/players/M/MorrRo00.htm,18,54,WR
/players/M/MorrGu20.htm,73,28,C
/players/M/MorsMi00.htm,37,49,OT
/players/M/MorzFr20.htm,15,21,C
/players/M/MossSi00.htm,4,44,WR
/players/M/MossWi20.htm,55,50,LB
/players/M/MoteEr20.htm,28,47,G
/players/M/MotoTa00.htm,26,64,OT
/players/M/MoutJo00.htm,0,61,LB
/players/M/MuhaMu00.htm,81,43,WR
/players/M/MullTo20.htm,18,28,G
/players/M/MullTr00.htm,11,40,CB
/players/M/MurpBy00.htm,11,33,CB
/players/M/MurpKe20.htm,28,40,LOLB
/players/M/MurpTe00.htm,0,58,WR
/players/M/MurpTr00.htm,31,47,DE
/players/B/BuntSe00.htm,11,39,CB
/players/M/MurrWa00.htm,3,45,WR
/players/M/MusgSp20.htm,10,38,DE
/players/N/NaglBr00.htm,5,34,QB
/players/N/NealMi99.htm,17,56,LB
/players/N/NealRi20.htm,35,45,DE
/players/N/NeelRa00.htm,108,28,T
/players/N/NelsBo20.htm,23,42,LB
/players/N/NelsBr20.htm,1,50,G
/players/N/NelsJo00.htm,71,36,WR
/players/N/NelsSt00.htm,73,34,LB
/players/N/NewbJe00.htm,54,58,C
/players/N/NewbTo20.htm,78,50,G
/players/N/NewhRo00.htm,46,35,RB
/players/N/NewmAn20.htm,47,35,DB
/players/N/NiklTr00.htm,1,52,TE
/players/N/NixoTo20.htm,0,33,DB
/players/N/NomiTo20.htm,20,15,DT
/players/N/NormJo20.htm,7,45,MLB
/players/N/NortDe00.htm,41,32,WR
/players/N/NortGa20.htm,19,53,ROLB
/players/N/NortKe00.htm,83,41,LB
/players/N/NortRi00.htm,6,29,QB
/players/N/NorwRa20.htm,0,38,T
/players/N/nugenmik01.htm,22,47,K
/players/N/NunlJe20.htm,1,60,DE
/players/N/NuttEd20.htm,5,27,T
/players/N/NwosUc00.htm,8,48,OLB
/players/O/ODwyMa20.htm,44,33,G
/players/O/ONeiBr00.htm,24,62,OT
/players/O/OdomAn20.htm,23,57,DE
/players/O/OdomNa00.htm,61,29,DB
/players/O/OffeJo00.htm,48,52,LB
/players/O/OgbaEm00.htm,26,32,DE
/players/O/OkonSt20.htm,14,41,DT
/players/O/OkoyCh00.htm,33,35,RB
/players/O/OlivIs00.htm,11,58,CB
/players/O/OlshIg20.htm,37,35,DE
/players/O/OlsoHa00.htm,33,13,T
/players/O/OrchNa00.htm,8,51,OLB
/players/O/OrduJo00.htm,2,49,RB
/players/O/OrteRa20.htm,31,29,LILB
/players/O/OsemKe00.htm,52,60,T
/players/O/OsweBr00.htm,14,57,QB
/players/O/OttiBr20.htm,12,56,DE
/players/O/OwenDa20.htm,35,35,DE
/players/O/OwenJa00.htm,12,29,RB
/players/O/OzdoMi20.htm,10,53,DE
/players/P/PaeaSt00.htm,20,53,DT
/players/P/PageSo20.htm,22,55,G
/players/P/PaleAn20.htm,4,60,DE
/players/P/PalmDa00.htm,9,40,WR
/players/P/PaluJo00.htm,38,24,DE
/players/P/PankIr20.htm,52,50,T
/players/P/PardJa00.htm,77,14,LB
/players/P/PariBu20.htm,58,29,T
/players/P/ParkVa20.htm,42,63,T
/players/P/ParrJo20.htm,47,55,DT
/players/P/ParrRo00.htm,14,55,WR
/players/P/ParrTo20.htm,52,35,DB
/players/P/ParsRa20.htm,0,45,T
/players/P/PathJe00.htm,29,32,WR
/players/P/PattSh20.htm,10,34,DE
/players/P/PattJa20.htm,1,55,NT
/players/P/PeadIs00.htm,1,50,RB
/players/P/PearMi20.htm,18,40,T
/players/P/PeayFr20.htm,27,15,T
/players/P/PeebDa00.htm,2,33,WR
/players/P/PennJe20.htm,6,44,LB
/players/P/PerkJo00.htm,24,32,WR
/players/P/PeroPe20.htm,22,48,G
/players/P/PerrBr00.htm,60,52,WR
/players/P/PerrGe20.htm,38,45,T
/players/P/PerrMi00.htm,82,50,DT
/players/P/PerrDe00.htm,25,48,ILB
/players/P/PeteMi20.htm,72,36,LB
/players/P/PetiRi00.htm,101,21,DB
/players/P/PettGa20.htm,28,20,DT
/players/P/PettDa00.htm,6,44,WR
/players/P/PhifRo20.htm,64,31,LB
/players/P/PhilCh20.htm,12,45,DB
/players/P/PhilJo01.htm,23,52,DT
/players/P/PhilRe20.htm,10,49,DB
/players/P/PhilCh21.htm,8,34,DE
/players/P/PickBi20.htm,49,54,NT
/players/P/PickCa00.htm,56,31,WR
/players/P/PierTe20.htm,1,51,LB
/players/P/PindCy00.htm,19,39,RB
/players/P/PineEd20.htm,17,22,LB
/players/P/PinkTo00.htm,27,36,WR
/players/P/PinnRa20.htm,43,37,T
/players/P/PiscSa99.htm,9,64,LB
/players/P/PittKa20.htm,35,37,DE
/players/P/PittMi01.htm,4,34,WR
/players/P/PittCh20.htm,43,50,T
/players/P/PittHu20.htm,7,23,LB
/players/P/PlumMi00.htm,52,17,QB
/players/P/PlumJa00.htm,77,42,QB
/players/P/PoagRa00.htm,22,11,TE
/players/P/PociEt00.htm,16,58,C
/players/P/PodoEd00.htm,54,48,RB
/players/P/PollMi20.htm,28,59,C
/players/P/PollBe20.htm,41,54,DB
/players/P/PollTo21.htm,29,42,LB
/players/P/PoolBr20.htm,30,34,DB
/players/P/PopeMa20.htm,39,33,DB
/players/P/PortJe00.htm,34,47,WR
/players/P/PortTr99.htm,38,40,DB
/players/P/PortCl00.htm,71,51,RB
/players/P/PoluPa99.htm,56,34,MLB
/players/P/PottMy00.htm,64,19,LB
/players/P/PottRo00.htm,16,49,RB
/players/P/PoweAl20.htm,0,49,G
/players/P/PoweWa21.htm,16,47,DE
/players/P/PricBr99.htm,4,35,DT
/players/P/PricPe00.htm,43,53,WR
/players/P/PruiGr00.htm,70,30,RB
/players/Q/QuicBr00.htm,11,33,WR
/players/Q/QuinRi00.htm,0,64,TE
/players/R/RabbWa00.htm,6,15,QB
/players/R/RaboMi20.htm,34,19,G
/players/R/RachCh20.htm,19,39,G
/players/R/RadeSc20.htm,36,34,LILB
/players/R/RaglRe00.htm,16,41,ILB
/players/R/RaibSt00.htm,10,59,WR
/players/R/RaioDo20.htm,69,50,C
/players/R/RakoGr20.htm,21,32,C
/players/R/RandRu00.htm,21,63,WR
/players/R/RandAn00.htm,41,62,WR
/players/R/RandTh20.htm,14,47,DB
/players/R/RappTa00.htm,9,61,S
/players/R/RassNi20.htm,3,17,DB
/players/R/RatlKe20.htm,9,49,DB
/players/R/RayxDa20.htm,40,40,DB
/players/R/RaymCo20.htm,36,37,C
/players/R/ReagMo20.htm,30,58,DT
/players/R/RedwJa00.htm,0,52,RB
/players/R/ReedBr00.htm,35,42,DL
/players/R/ReedJa02.htm,28,49,DT
/players/R/ReedJo01.htm,28,36,WR
/players/R/ReedTo00.htm,33,37,RB
/players/R/ReesBo20.htm,6,32,DE
/players/R/ReevWa00.htm,3,40,TE
/players/R/ReihGe20.htm,14,38,G
/players/R/RembRe00.htm,5,28,WR
/players/R/RenfMe00.htm,107,17,DB
/players/R/RentLa00.htm,55,23,WR
/players/R/ReyeKe00.htm,22,49,DT
/players/R/ReynBi00.htm,0,23,HB
/players/R/ReynBo00.htm,59,17,T
/players/R/ReynRi20.htm,58,36,DB
/players/R/ReynTo00.htm,2,49,WR
/players/R/RhetEr00.htm,26,34,RB
/players/R/RiceRa00.htm,63,55,RB
/players/R/RiceSi01.htm,33,44,WR
/players/R/RichGo00.htm,24,46,WR
/players/R/RichJo00.htm,10,64,SS
/players/R/RichEr00.htm,1,41,WR
/players/R/RichMi20.htm,48,33,DB
/players/R/RichPa01.htm,14,45,WR
/players/R/RichWe00.htm,36,43,C
/players/R/RickMi00.htm,14,59,TE
/players/R/RileJi20.htm,27,29,DE
/players/R/RilePa20.htm,0,52,DE
/players/R/RisnDa00.htm,15,41,OL
/players/R/RissRa20.htm,6,20,T
/players/R/RiveRo20.htm,32,44,LLB
/players/R/RobbBa00.htm,52,49,C
/players/R/RobbFr20.htm,52,55,DT
/players/R/RobeGr20.htm,23,33,G
/players/R/RobeLa21.htm,24,39,DE
/players/R/RobiAS00.htm,20,46,DT
/players/R/RobiAl02.htm,42,61,WR
/players/R/RobiCa00.htm,21,34,OT
/players/R/RobiEd22.htm,63,50,LB
/players/R/RobiSt00.htm,6,46,WR
/players/R/RobiVi00.htm,2,46,RB
/players/R/RobiBr00.htm,3,36,WR
/players/R/RobiTo21.htm,1,50,LB
/players/R/RochAl20.htm,40,37,DE
/players/R/RockWa00.htm,64,21,T
/players/R/RockCh20.htm,7,48,DB
/players/R/RogeDo22.htm,4,36,DE
/players/R/RogeJa20.htm,0,52,T
/players/R/RogeLa20.htm,6,52,DE
/players/R/RogeSa20.htm,42,64,LB
/players/R/RogeSh99.htm,58,61,DT
/players/R/RohrJe20.htm,21,53,RLB
/players/R/RollSa00.htm,68,46,DB
/players/R/RollQu00.htm,4,62,CB
/players/R/RomaMa20.htm,39,34,DB
/players/R/RomaJi21.htm,15,37,C
/players/R/RoosMi20.htm,69,41,T
/players/R/RopeJo20.htm,20,36,LB
/players/R/RoquJu20.htm,0,35,T
/players/R/RossDa00.htm,34,30,TE
/players/R/RoteTo00.htm,16,17,QB
/players/R/RothMa20.htm,27,46,DE
/players/R/RousTo20.htm,15,38,LB
/players/R/RoutSt20.htm,25,38,DB
/players/R/RoweBo00.htm,45,43,DT
/players/R/RoweDa20.htm,49,53,DT
/players/R/RoweEr00.htm,21,47,CB
/players/R/RowePa20.htm,0,52,WR
/players/R/RoyaEd00.htm,35,42,WR
/players/R/RuccTo20.htm,38,51,G
/players/R/RuckMi20.htm,55,38,DE
/players/R/RuddTi20.htm,63,65,C
/players/R/RudoCo20.htm,6,36,DE
/players/R/RudoKy00.htm,35,43,TE
/players/R/RuplEr20.htm,3,36,DE
/players/R/RushJe20.htm,40,25,DT
/players/R/RuthMi20.htm,1,42,NT
/players/R/RutlJo20.htm,2,51,MLB
/players/R/RutlRo00.htm,2,54,TE
/players/R/RuudBa20.htm,41,36,LB
/players/R/RyanDe20.htm,56,33,LB
/players/S/SaccTo00.htm,0,46,QB
/players/S/SaffRo20.htm,65,33,T
/players/S/SaleHa20.htm,45,30,T
/players/S/SambTy00.htm,5,59,OT
/players/S/SampDr00.htm,2,52,TE
/players/S/SampLa20.htm,1,47,TE
/players/S/SamuCu00.htm,18,40,WR
/players/S/SamuDe00.htm,13,36,WR
/players/S/SancLu20.htm,0,34,DB
/players/S/SandBo99.htm,31,44,DB
/players/S/SandFr00.htm,44,47,WR
/players/S/SandLo20.htm,24,22,DB
/players/S/SandMi01.htm,14,53,RB
/players/S/SankBi00.htm,6,54,RB
/players/S/SappPa20.htm,10,50,LLB
/players/S/SateSa20.htm,49,60,C
/players/S/SaueTo20.htm,25,56,P
/players/S/SaulBi20.htm,30,23,MLB
/players/S/SayeRo00.htm,0,44,RB
/players/S/SchaDi00.htm,111,23,T
/players/S/SchaMa01.htm,14,55,OT
/players/S/ScheTo00.htm,24,61,TE
/players/S/SchoAa99.htm,61,46,DE
/players/S/SchoBr20.htm,45,33,LB
/players/S/SchrJi00.htm,24,20,C
/players/S/SchuJo21.htm,6,46,LB
/players/S/SchwBr20.htm,18,64,LB
/players/S/SchwMi00.htm,83,37,T
/players/S/SchwSc00.htm,5,56,WR
/players/S/ScotBr20.htm,31,55,DB
/players/S/ScotCh22.htm,1,50,WR
/players/S/ScotDa00.htm,47,30,WR
/players/S/ScotVi20.htm,0,40,DB
/players/S/ScroTr20.htm,42,53,DE
/players/S/SealPa00.htm,14,36,TE
/players/S/SearAr20.htm,14,35,G
/players/S/SefeAu00.htm,9,38,TE
/players/S/SehoJa20.htm,47,59,DB
/players/S/SelmDe20.htm,38,60,LB
/players/S/SendRo20.htm,8,45,LOLB
/players/S/ShahAd00.htm,3,45,TE
/players/S/ShanRo00.htm,36,28,WR
/players/S/SharDa00.htm,88,60,DB
/players/S/SharJa20.htm,60,34,LB
/players/S/ShawBi00.htm,70,9,G
/players/S/ShawDe00.htm,19,30,QB
/players/S/ShawTe20.htm,36,34,DB
/players/S/SheaJa00.htm,47,37,DL
/players/S/ShelEr00.htm,0,54,RB
/players/S/ShenLa00.htm,5,42,WR
/players/S/ShepSt00.htm,25,40,WR
/players/S/ShepJa20.htm,1,62,DB
/players/S/SherDa00.htm,3,24,E
/players/S/SherJe00.htm,56,47,DT
/players/S/ShieSc20.htm,2,59,DB
/players/S/ShinDo20.htm,64,20,LB
/players/S/ShoaRo21.htm,30,41,LB
/players/S/ShorKa00.htm,41,44,DT
/players/S/ShyxDo00.htm,19,35,RB
/players/S/SiavJu20.htm,6,36,DT
/players/S/SilaAm00.htm,13,40,T
/players/S/SimmDa20.htm,12,26,LB
/players/S/SimmTo00.htm,8,52,WR
/players/S/SimpAl20.htm,4,27,G
/players/S/SimpBi20.htm,60,50,DB
/players/S/SimpCa20.htm,24,35,DT
/players/S/SimpJe00.htm,18,46,WR
/players/S/SimsKe00.htm,70,39,G
/players/S/SingMi00.htm,123,38,LB
/players/S/SintCl99.htm,2,45,LB
/players/S/SkauDa20.htm,4,52,NT
/players/S/SklaTo20.htm,12,46,P
/players/S/SkreGr20.htm,25,32,T
/players/S/SladCh00.htm,53,31,LB
/players/S/SlauWe00.htm,58,43,WR
/players/S/SlayDa00.htm,64,36,CB
/players/S/SmalJe20.htm,12,49,LB
/players/S/SmerFr00.htm,81,32,NT
/players/S/SmilJu20.htm,27,46,G
/players/S/SmilTo00.htm,4,55,RB
/players/S/SmitAl98.htm,7,37,DB
/players/S/SmitBr06.htm,23,37,OG
/players/S/SmitBr23.htm,2,48,LB
/players/S/SmitCh23.htm,43,51,DE
/players/S/SmitDa22.htm,55,54,LB
/players/S/SmitDa24.htm,70,39,LB
/players/S/SmitDe04.htm,2,37,WR
/players/S/SmitDo00.htm,6,51,RB
/players/S/SmitDo02.htm,52,34,OT
/players/S/SmitDo25.htm,31,29,NT
/players/S/SmitFe20.htm,19,55,DE
/players/S/SmitGe00.htm,15,39,QB
/players/S/SmitIr01.htm,6,50,TE
/players/S/SmitJ.02.htm,38,15,T
/players/S/SmitJa05.htm,30,34,OLB
/players/S/SmitJi00.htm,95,36,WR
/players/S/SmitL.00.htm,21,61,TE
/players/S/SmitLa22.htm,9,56,DT
/players/S/SmitMa55.htm,53,38,T
/players/S/SmitPr00.htm,36,38,DE
/players/S/SmitRa20.htm,7,38,ROLB
/players/S/SmitRo22.htm,1,40,DE
/players/S/SmitRo23.htm,13,35,DB
/players/S/SmitRo02.htm,12,53,WR
/players/S/SmitSe99.htm,58,61,DB
/players/S/SmitSh00.htm,50,58,RB
/players/S/SmitSt02.htm,24,51,WR
/players/S/SmitTo02.htm,37,58,WR
/players/S/SmitJu00.htm,29,62,WR
/players/S/SmooFr20.htm,42,45,DB
/players/S/SneeCh20.htm,75,34,G
/players/S/SnorMa20.htm,0,20,TE
/players/S/SoloFr01.htm,58,36,WR
/players/S/SommMi00.htm,0,16,HB
/players/S/SparPh20.htm,47,41,DB
/players/S/SpeaBr00.htm,3,46,DE
/players/S/SpeaMa20.htm,13,39,T
/players/S/SpenNo00.htm,5,39,DE
/players/S/SpenSh20.htm,27,58,DB
/players/S/SpeyCo00.htm,7,38,WR
/players/S/SpieCh00.htm,74,29,LB
/players/S/SpikBr99.htm,23,62,LB
/players/S/SpivMi20.htm,0,43,DB
/players/S/SpriJa00.htm,3,48,OT
/players/S/SquiJa20.htm,9,35,RILB
/players/S/StaaJe20.htm,4,41,DE
/players/S/StabKe00.htm,94,52,QB
/players/S/StacSi20.htm,0,48,RB
/players/S/StalBi20.htm,19,28,DT
/players/S/StamFr20.htm,17,45,RLB
/players/S/StanDr00.htm,10,43,QB
/players/S/StarRo20.htm,31,34,P
/players/S/StauEr00.htm,25,22,DT
/players/S/SteiEr20.htm,44,33,G
/players/S/StenMi20.htm,31,31,NT
/players/S/StepLa20.htm,27,18,DE
/players/S/StepDw00.htm,89,48,C
/players/S/StewKo00.htm,59,60,QB
/players/S/StewM.00.htm,3,53,CB
/players/S/StewSt20.htm,5,43,LB
/players/S/StieJi20.htm,23,47,DB
/players/S/StilBr00.htm,8,41,WR
/players/S/StilDe00.htm,3,53,DT
/players/S/StinJo20.htm,50,37,T
/players/S/StonMi20.htm,4,54,DB
/players/S/StowOt00.htm,12,47,WR
/players/S/StraMi02.htm,119,40,DE
/players/S/StraBo00.htm,1,24,HB
/players/S/StreRi20.htm,13,40,T
/players/S/StriFr20.htm,46,47,LB
/players/S/StubDa20.htm,30,33,DE
/players/S/Sua-Xa00.htm,26,33,OG
/players/S/SuggSh20.htm,22,33,DB
/players/S/SuheMa00.htm,34,46,RB
/players/S/SullPa00.htm,3,40,QB
/players/S/SurtPa00.htm,66,44,DB
/players/S/SuttAr20.htm,0,15,T
/players/S/SuttCo00.htm,14,40,WR
/players/S/SweaDJ00.htm,30,57,FS
/players/S/SweeLi00.htm,1,53,WR
/players/S/SweeJi20.htm,72,37,C
/players/S/SwifDA00.htm,6,35,RB
/players/S/SwilDe20.htm,52,55,C
/players/S/SwinJi00.htm,1,25,HB
/players/S/SzymDi00.htm,58,16,C
/players/T/TaboTe00.htm,0,53,CB
/players/T/TallDa00.htm,72,39,LB
/players/T/TappDa20.htm,30,63,DE
/players/T/TaraGe20.htm,31,18,DE
/players/T/TarbBr20.htm,0,25,G
/players/T/TartJa00.htm,20,46,SS
/players/T/TataBo20.htm,13,34,DT
/players/T/TateBe00.htm,14,58,RB
/players/T/TateGo00.htm,58,60,WR
/players/T/TateLa00.htm,8,53,RB
/players/T/TatuLo99.htm,48,45,LB
/players/T/TausTe20.htm,37,39,G
/players/T/TavaJa00.htm,8,43,LB
/players/T/TaylAl00.htm,59,34,RB
/players/T/TaylBo00.htm,55,50,DB
/players/T/TaylCh00.htm,96,9,WR
/players/T/TaylCo20.htm,0,57,DB
/players/T/TaylJ.20.htm,30,33,T
/players/T/TaylJa01.htm,15,54,CB
/players/T/TaylJa02.htm,14,35,OL
/players/T/TaylJi00.htm,86,15,FB
/players/T/TaylJo02.htm,10,41,RB
/players/T/TeoxMa00.htm,20,38,ILB
/players/T/TealWi20.htm,34,30,DB
/players/T/TempJi20.htm,4,17,DE
/players/T/TerrMa00.htm,18,24,G
/players/T/TerrPa20.htm,31,49,DB
/players/T/TerrAd20.htm,10,64,T
/players/T/TerrCh20.htm,40,34,T
/players/T/TerrRi20.htm,4,31,DT
/players/T/ThieR.00.htm,74,36,G
/players/T/ThomAn01.htm,27,38,RB
/players/T/ThomBe20.htm,9,56,DE
/players/T/ThomCl00.htm,45,19,DB
/players/T/ThomDa03.htm,11,62,RB
/players/T/ThomDe02.htm,4,34,WR
/players/T/ThomDo21.htm,8,48,MLB
/players/T/ThomDo00.htm,1,51,WR
/players/T/ThomEr01.htm,37,49,DB
/players/T/ThomFr20.htm,29,47,DB
/players/T/ThomIk20.htm,2,51,DB
/players/T/ThomMi05.htm,56,47,WR
/players/T/ThomOr20.htm,40,42,DB
/players/T/ThomPa00.htm,46,39,DB
/players/T/ThomRa21.htm,49,57,G
/players/T/ThomTe99.htm,19,63,DB
/players/T/ThomTh00.htm,112,40,RB
/players/T/ThomAn00.htm,6,31,RB
/players/T/ThomCh23.htm,17,52,ROLB
/players/T/ThomDa23.htm,10,30,T
/players/T/ThomLa21.htm,17,41,DB
/players/T/ThomRa23.htm,19,41,LB
/players/T/ThomSt22.htm,17,44,DT
/players/T/ThorJu00.htm,11,63,S
/players/T/ThorGe20.htm,9,36,DT
/players/T/ThorJo21.htm,49,52,DT
/players/T/ThorSi00.htm,14,48,RB
/players/T/ThurSt00.htm,13,25,RB
/players/T/ThurOd20.htm,8,48,LB
/players/T/TillAn00.htm,12,38,TE
/players/T/TillCh20.htm,76,35,DB
/players/T/TillLa00.htm,7,31,WR
/players/T/TillTr20.htm,13,58,DB
/players/T/TinkGe00.htm,2,44,WR
/players/T/TinoPi20.htm,35,43,LB
/players/T/TippAn00.htm,90,41,LB
/players/T/ToewJe20.htm,8,53,G
/players/T/ToffJo20.htm,4,44,C
/players/T/TollBi00.htm,26,51,QB
/players/T/TomiJa20.htm,10,39,DE
/players/T/TomlDa00.htm,24,55,DT
/players/T/ToneBo00.htm,32,22,DT
/players/T/ToneAn00.htm,23,37,RB
/players/T/TongRe20.htm,51,58,DB
/players/T/ToomAm00.htm,66,34,WR
/players/T/TownWi20.htm,17,22,DE
/players/T/TownAn20.htm,28,46,DE
/players/T/TrayMa20.htm,0,29,G
/players/T/TripLa20.htm,25,42,DT
/players/T/TrouTo00.htm,2,41,DT
/players/T/TrouBe00.htm,8,40,TE
/players/T/TruaBi00.htm,27,26,TE
/players/T/TrudJa00.htm,23,47,QB
/players/T/TrueJe20.htm,40,59,T
/players/T/TuaoEs20.htm,25,35,NT
/players/T/TuiaMa00.htm,1,59,QB
/players/T/TuitSt00.htm,37,46,DT
/players/T/TuraKe00.htm,4,52,OLB
/players/T/TurnDa00.htm,17,49,WR
/players/T/TurnDe00.htm,4,45,RB
/players/T/TurnHe20.htm,4,24,T
/players/T/TurnJo20.htm,41,48,DB
/players/T/TurnKe01.htm,62,39,LB
/players/U/UcheJo00.htm,1,60,LB
/players/U/UgohTo20.htm,19,42,T
/players/U/UmenOs99.htm,62,56,DE
/players/U/UngeMa20.htm,74,49,C
/players/U/UpshCo00.htm,26,35,OLB
/players/V/ValeZa20.htm,8,56,LB
/players/V/ValeJo20.htm,0,50,C
/players/V/VanDAl00.htm,1,31,WR
/players/V/VanNKy00.htm,40,40,OLB
/players/V/VanPBr01.htm,74,40,LB
/players/V/VandKy99.htm,59,34,DE
/players/V/VeikDa99.htm,1,52,DE
/players/V/VellJo20.htm,28,43,T
/players/V/VereSh00.htm,25,56,RB
/players/V/VeriGa20.htm,26,48,DE
/players/V/VillPh00.htm,66,45,LB
/players/V/VinsFr20.htm,0,47,DB
/players/V/VolkRi00.htm,91,45,DB
/players/V/VollSe20.htm,58,58,T
/players/V/VossLl20.htm,37,11,DE
/players/W/WaddBi00.htm,19,50,WR
/players/W/WadeTo20.htm,45,53,T
/players/W/WafeCa20.htm,1,42,DE
/players/W/WagnBo00.htm,101,47,ILB
/players/W/WahlMi55.htm,58,1,G
/players/W/WalkBr22.htm,3,37,NT
/players/W/WalkDe03.htm,7,51,DE
/players/W/WalkJa20.htm,6,28,LOLB
/players/W/WalkLa20.htm,33,53,T
/players/W/WalkMa20.htm,20,19,C
/players/W/WalkWe00.htm,73,33,WR
/players/W/WallAa20.htm,22,37,LLB
/players/W/WallBo00.htm,15,46,WR
/players/W/WallJa20.htm,24,34,DB
/players/W/WallRo00.htm,0,15,HB
/players/W/WallWe00.htm,43,56,TE
/players/W/WaltMi20.htm,47,50,LB
/players/W/WaltJo01.htm,20,21,E
/players/W/WaltWa20.htm,0,44,T
/players/W/WardJi02.htm,9,44,DE
/players/W/WardT.99.htm,47,38,DB
/players/W/WashAn20.htm,0,44,DB
/players/W/WashDa99.htm,35,47,LB
/players/W/WashFr21.htm,1,32,DT
/players/W/WashJa00.htm,11,60,WR
/players/W/WashMa99.htm,54,59,LB
/players/W/WatkBo21.htm,26,42,DB
/players/W/WatkKe20.htm,0,59,TE
/players/W/WatsCo20.htm,7,60,LB
/players/W/WatsMe00.htm,9,42,OT
/players/W/WattRi00.htm,101,45,RB
/players/W/WattDa00.htm,4,54,WR
/players/W/WattRi01.htm,16,39,WR
/players/W/WaymDa00.htm,88,41,DB
/players/W/WeatJi00.htm,3,17,DT
/players/W/WeatRo00.htm,7,40,RB
/players/W/WeavAn20.htm,40,52,DE
/players/W/WeavCh20.htm,57,48,LB
/players/W/WeavEm20.htm,2,54,NT
/players/W/WebsCo20.htm,36,43,DB
/players/W/WebsJa20.htm,25,48,DB
/players/W/WeddEr99.htm,104,37,DB
/players/W/WeinTo20.htm,54,47,T
/players/W/WellJo01.htm,2,18,HB
/players/W/WernCl20.htm,14,52,LB
/players/W/WestCh20.htm,53,33,DB
/players/W/WheaTe99.htm,1,62,DB
/players/W/WhitAd20.htm,0,55,DB
/players/W/WhitDe20.htm,23,64,DE
/players/W/WhitEd00.htm,103,39,G
/players/W/WhitFr00.htm,7,11,TE
/players/W/WhitJa01.htm,3,29,TE
/players/W/WhitJe21.htm,55,52,DB
/players/W/WhitLe01.htm,14,45,RB
/players/W/WhitLy20.htm,2,54,LB
/players/W/WhitPa01.htm,1,44,WR
/players/W/WhitSa00.htm,52,54,WR
/players/W/WhitCo03.htm,33,56,OG
/players/W/WhitAn20.htm,107,55,T
/players/W/WideDo20.htm,57,41,G
/players/W/WiegZa20.htm,50,38,G
/players/W/WilcMi20.htm,44,36,LB
/players/W/WildJa00.htm,63,34,RB
/players/W/WileMa00.htm,43,52,DE
/players/W/WilkBr20.htm,41,52,T
/players/W/WillAa00.htm,20,34,DB
/players/W/WillBo21.htm,52,61,G
/players/W/WillCh23.htm,4,49,DB
/players/W/WillCo00.htm,20,50,OT
/players/W/WillDa21.htm,10,56,DB
/players/W/WillDe01.htm,57,49,RB
/players/W/WillDo02.htm,0,35,WR
/players/W/WillDo22.htm,5,49,T
/players/W/WillEd20.htm,9,43,ROLB
/players/W/WillGe22.htm,54,36,NT
/players/W/WillGr00.htm,4,46,CB
/players/W/WillJa99.htm,66,2,DT
/players/W/WillJa25.htm,44,42,DB
/players/W/WillJi23.htm,4,37,DB
/players/W/WillJo13.htm,0,45,CB
/players/W/WillKe00.htm,27,46,WR
/players/W/WillMa20.htm,35,56,DB
/players/W/WillMa06.htm,25,42,S
/players/W/WillMa25.htm,51,43,T
/players/W/WillMa04.htm,6,55,TE
/players/W/WillRi21.htm,0,56,RB
/players/W/WillRo27.htm,2,27,DT
/players/W/WillRy00.htm,1,38,RB
/players/W/WillSh00.htm,10,46,RB
/players/W/WillTa20.htm,27,45,DB
/players/W/WillTe21.htm,0,37,DB
/players/W/WillTo22.htm,7,42,DT
/players/W/WillWa22.htm,21,42,DB
/players/W/WilsBu00.htm,2,24,TE
/players/W/WilsDa21.htm,0,47,WR
/players/W/WilsEd00.htm,4,24,QB
/players/W/WilsEu20.htm,31,36,DB
/players/W/WilsJe21.htm,6,14,DE
/players/W/WilsJo99.htm,34,55,DB
/players/W/WilsKr00.htm,3,61,TE
/players/W/WilsQu01.htm,3,46,CB
/players/W/WilsTa00.htm,14,48,FS
/players/W/WinaJe20.htm,2,32,G
/players/W/WinbJa20.htm,18,47,RILB
/players/W/WindBo00.htm,23,26,TE
/players/W/WinfAn00.htm,7,45,S
/players/W/WinfSt00.htm,3,49,RB
/players/W/WintBl20.htm,30,35,DE
/players/W/WisnLe20.htm,15,28,NT
/players/W/WisnSt01.htm,44,48,LG
/players/W/WisnSt00.htm,114,29,G
/players/W/WolfDe00.htm,49,36,DT
/players/W/WongKa20.htm,38,51,LOLB
/players/W/WoodAl00.htm,13,52,QB
/players/W/WoodTe20.htm,50,29,LB
/players/W/WoodLa99.htm,54,46,LB
/players/W/WoodIc00.htm,19,31,RB
/players/W/WoodMi20.htm,11,52,LB
/players/W/WoodRo21.htm,45,38,T
/players/W/WoodRo02.htm,51,41,WR
/players/W/WoodAb00.htm,53,15,DB
/players/W/WoodDa01.htm,87,37,DB
/players/W/WoriJa99.htm,21,52,DE
/players/W/WortJe00.htm,4,51,DT
/players/W/WrigAl00.htm,14,26,WR
/players/W/WrigEr00.htm,58,40,DB
/players/W/WrigEr99.htm,35,53,DB
/players/W/WrigJo00.htm,2,53,WR
/players/W/WrigTo20.htm,19,49,DB
/players/W/WunsJe20.htm,27,37,T
/players/W/WymaDa20.htm,38,45,LB
/players/Y/Ya-SRo00.htm,9,34,CB
/players/Y/YarbRy00.htm,2,41,WR
/players/Y/YarbJi21.htm,46,47,T
/players/Y/YeldT.00.htm,20,36,RB
/players/Y/YounDa00.htm,1,32,TE
/players/Y/YounTi00.htm,8,44,WR
/players/Y/YounWi20.htm,43,39,DE
/players/Y/YounJi01.htm,61,42,LLB
/players/Y/YousFr20.htm,30,23,T
/players/Z/ZandCa20.htm,34,43,LB
/players/Z/ZawaDa20.htm,0,54,G
/players/Z/ZellRa00.htm,10,44,RB
/players/Z/ZoriCh20.htm,28,49,DT
